"full_name","a","e","i","om","w","q","ad","per_y","data_arc","condition_code","n_obs_used","n_del_obs_used","n_dop_obs_used","H","neo","pha","diameter","sats"
"    22 Kalliope (A852 WA)",2.911,0.0987,13.70,65.98,357.83,2.624,3.20,4.97,61846,0,11965,,,6.81,N,N,167.536,1
"    31 Euphrosyne (A854 RA)",3.159,0.2159,26.32,30.80,61.77,2.477,3.84,5.62,59565,0,3326,,,6.88,N,N,267.080,1
"    41 Daphne (A856 KA)",2.763,0.2740,15.78,178.06,46.11,2.006,3.52,4.59,57545,0,7336,,,7.64,N,N,205.495,1
"    45 Eugenia (A857 MA)",2.72,0.0832,6.61,147.59,87.49,2.494,2.95,4.49,57507,0,12144,,,7.79,N,N,202.327,2
"    87 Sylvia (A866 KA)",3.477,0.0939,10.88,73.01,264.40,3.151,3.80,6.48,50618,0,6582,,,6.96,N,N,253.051,2
"    90 Antiope (A866 TA)",3.153,0.1689,2.21,69.93,245.24,2.620,3.69,5.6,57465,0,6473,,,8.46,N,N,115.974,1
"    93 Minerva (A867 QA)",2.759,0.1400,8.55,4.01,275.68,2.373,3.14,4.58,56222,0,4473,,,7.91,N,N,154.155,2
"   107 Camilla (A868 WA)",3.486,0.0653,10.00,172.59,305.22,3.258,3.71,6.51,56637,0,5584,,,7.13,N,N,210.370,2
"   121 Hermione (A872 JA)",3.453,0.1257,7.57,72.88,296.93,3.019,3.89,6.42,55389,0,7519,,,7.47,N,N,209.00,1
"   130 Elektra (A873 DA)",3.126,0.2097,22.78,144.99,237.75,2.471,3.78,5.53,47426,0,16037,,,7.48,N,N,180.652,3
"   216 Kleopatra (A880 GB)",2.793,0.2510,13.12,215.31,179.69,2.092,3.49,4.67,52503,0,5107,1,0,7.08,N,N,122,2
"   243 Ida (A884 SB)",2.861,0.0444,1.13,323.59,113.88,2.734,2.99,4.84,50685,0,11854,,,10.11,N,N,32,1
"   283 Emma (A889 CA)",3.05,0.1443,7.99,303.87,55.71,2.610,3.49,5.33,47361,0,8053,,,8.84,N,N,132.385,1
"   317 Roxane (A891 RD)",2.287,0.0859,1.77,151.34,187.13,2.091,2.48,3.46,48354,0,5306,,,9.79,N,N,18.648,1
"   379 Huenna (A894 AA)",3.144,0.1797,1.67,171.86,180.88,2.579,3.71,5.57,47501,0,9742,,,9.15,N,N,84.787,1
"   617 Patroclus (A906 UL)",5.208,0.1399,22.06,44.36,308.41,4.480,5.94,11.9,2723,0,2141,,,8.27,N,N,140.362,1
"   624 Hektor (A907 CF)",5.272,0.0233,18.15,342.79,179.64,5.149,5.39,12.1,42723,0,7014,,,7.41,N,N,225,1
"   702 Alauda (A910 OA)",3.195,0.0161,20.60,289.71,353.93,3.143,3.25,5.71,41352,0,9050,,,7.52,N,N,190.980,1
"   762 Pulcova (A913 RD)",3.155,0.1071,13.10,305.53,188.66,2.817,3.49,5.6,39260,0,10366,,,8.48,N,N,147.343,1
"   809 Lundia (A915 PF)",2.282,0.1926,7.15,154.50,196.30,1.843,2.72,3.45,39620,0,5440,,,12.15,N,N,9.450,1
"   854 Frostia (A916 GO)",2.37,0.1740,6.09,190.56,84.58,1.958,2.78,3.65,29789,0,5988,,,12.06,N,N,7.839,1
"   939 Isberga (A920 TD)",2.247,0.1765,2.58,327.05,6.16,1.851,2.64,3.37,37737,0,7546,,,12.10,N,N,10.390,1
"  1016 Anitra (A924 CG)",2.22,0.1274,6.04,8.82,53.13,1.937,2.50,3.31,36522,0,4377,,,11.91,N,N,9.539,1
"  1052 Belgica (1925 VD)",2.236,0.1433,4.70,99.55,297.63,1.916,2.56,3.34,42122,0,4588,,,11.92,N,N,9.785,1
"  1089 Tama (1927 WB)",2.214,0.1274,3.73,71.45,354.32,1.932,2.50,3.29,47207,0,4886,,,11.67,N,N,13.082,1
"  1139 Atami (1929 XE)",1.948,0.2555,13.09,213.30,206.73,1.450,2.45,2.72,34238,0,3817,,,12.59,N,N,,1
"  1313 Berna (1933 QG)",2.656,0.2066,12.56,298.09,100.27,2.108,3.21,4.33,32918,0,9584,,,11.72,N,N,13.504,1
"  1338 Duponta (1934 XA)",2.264,0.1121,4.81,325.50,110.42,2.010,2.52,3.41,32565,0,7673,,,12.83,N,N,7.470,1
"  1453 Fennia (1938 ED1)",1.897,0.0284,23.67,7.05,255.31,1.843,1.95,2.61,31344,0,3847,,,12.50,N,N,6.573,1
"  1480 Aunus (1938 DK)",2.202,0.1089,4.86,63.58,65.62,1.963,2.44,3.27,30178,0,6154,,,13.25,N,N,6.385,1
"  1509 Esclangona (1938 YG)",1.866,0.0324,22.32,283.48,268.12,1.806,1.93,2.55,30820,0,6592,,,12.75,N,N,8.17,1
"  1526 Mikkeli (1939 TF)",2.315,0.1874,6.21,336.86,72.98,1.881,2.75,3.52,25623,0,4132,,,13.24,N,N,5.318,1
"  1626 Sadeya (1927 AA)",2.363,0.2737,25.32,279.46,149.30,1.717,3.01,3.63,35299,0,4047,,,11.14,N,N,15.140,1
"  1717 Arlon (1954 AC)",2.196,0.1290,6.19,340.42,116.44,1.912,2.48,3.25,33899,0,10286,,,12.45,N,N,8.484,1
"  1727 Mette (1965 BA)",1.854,0.1016,22.89,132.99,313.12,1.666,2.04,2.52,24962,0,4674,,,12.61,N,N,,1
"  1770 Schlesinger (1967 JR)",2.457,0.0598,5.29,21.88,38.70,2.310,2.60,3.85,34010,0,9119,,,12.24,N,N,10.614,1
"  1798 Watts (1949 GC)",2.199,0.1221,6.19,44.23,3.96,1.930,2.47,3.26,32583,0,4978,,,13.04,N,N,6.631,1
"  1803 Zwicky (1967 CA)",2.35,0.2487,21.52,337.15,254.27,1.765,2.93,3.6,33950,0,5511,,,12.25,N,N,9.934,1
"  1830 Pogson (1968 HA)",2.188,0.0563,3.96,147.43,336.16,2.065,2.31,3.24,35566,0,9662,,,12.71,N,N,7.710,1
"  1862 Apollo (1932 HA)",1.471,0.5599,6.35,35.56,286.05,0.647,2.29,1.78,34041,0,3461,8,9,16.08,Y,Y,1.5,1
"  1866 Sisyphus (1972 XA)",1.894,0.5382,41.21,63.46,293.11,0.875,2.91,2.61,25252,0,8278,0,1,12.54,Y,N,8.48,1
"  1990 Pilcher (1956 EE)",2.174,0.0519,3.13,193.57,12.67,2.061,2.29,3.21,31449,0,4928,,,12.90,N,N,6.754,1
"  2006 Polonskaya (1973 SB3)",2.325,0.1930,4.91,0.87,24.73,1.876,2.77,3.54,26952,0,3932,,,13.14,N,N,4.625,1
"  2019 van Albada (1935 SX1)",2.241,0.1659,4.05,252.10,25.08,1.869,2.61,3.36,33873,0,4852,,,12.49,N,N,7.865,1
"  2037 Tripaxeptalis (1973 UB)",2.301,0.1319,4.25,9.46,346.11,1.997,2.60,3.49,18296,0,6616,,,13.40,N,N,5.956,1
"  2044 Wirt (1950 VE)",2.379,0.3454,23.98,53.62,50.33,1.558,3.20,3.67,26733,0,2963,,,13.14,N,N,6.66,1
"  2047 Smetana (1971 UA1)",1.872,0.0035,25.28,36.58,301.91,1.865,1.88,2.56,19090,0,3602,,,14.09,N,N,3.131,1
"  2070 Humason (1964 TQ)",2.25,0.1547,2.75,1.22,350.14,1.902,2.60,3.38,25295,0,3670,,,13.49,N,N,4.570,1
"  2121 Sevastopol (1971 ME)",2.184,0.1782,4.38,145.68,160.46,1.795,2.57,3.23,31851,0,8463,,,12.46,N,N,8.736,1
"  2131 Mayall (1975 RA)",1.887,0.1111,33.99,306.02,38.50,1.678,2.10,2.59,17421,0,6528,,,12.86,N,N,8.252,1
"  2171 Kiev (1973 QD1)",2.256,0.1662,7.51,102.04,180.04,1.881,2.63,3.39,27081,0,6109,,,12.87,N,N,8.035,1
"  2178 Kazakhstania (1972 RA2)",2.208,0.1545,3.07,11.40,350.92,1.867,2.55,3.28,26929,0,3672,,,13.74,N,N,4.313,1
"  2242 Balaton (1936 TG)",2.209,0.1171,2.54,343.83,96.21,1.950,2.47,3.28,31715,0,5703,,,13.56,N,N,5.833,1
"  2337 Boubin (1976 UH1)",2.594,0.1670,14.35,37.16,26.75,2.161,3.03,4.18,24945,0,4240,,,12.25,N,N,8.013,1
"  2343 Siding Spring (1979 MD4)",2.334,0.2552,1.77,218.04,155.45,1.738,2.93,3.57,21316,0,3956,,,13.47,N,N,5.197,1
"  2449 Kenos (1978 GC)",1.909,0.1681,24.99,179.83,102.25,1.588,2.23,2.64,16687,0,3737,,,13.96,N,N,,1
"  2478 Tokai (1981 JC)",2.225,0.0675,4.14,228.70,233.71,2.075,2.38,3.32,33359,0,4679,,,12.29,N,N,9.238,1
"  2486 Metsahovi (1939 FY)",2.269,0.0799,8.40,359.90,100.95,2.087,2.45,3.42,31030,0,4196,,,12.58,N,N,7.883,1
"  2491 Tvashtri (1977 CB)",1.878,0.0542,22.86,125.27,358.29,1.776,1.98,2.57,16934,0,3484,,,13.53,N,N,3.259,1
"  2500 Alascattalo (1926 GC)",2.24,0.1000,6.99,47.93,160.69,2.016,2.46,3.35,35545,0,7456,,,12.92,N,N,7.481,1
"  2516 Roman (1964 VY)",2.279,0.1646,1.09,123.41,313.32,1.904,2.65,3.44,21635,0,4072,,,13.66,N,N,4.408,1
"  2535 Hameenlinna (1939 DH)",2.24,0.0801,3.43,172.73,309.83,2.060,2.42,3.35,26206,0,7159,,,12.53,N,N,7.116,1
"  2577 Litva (1975 EE3)",1.904,0.1380,22.91,182.55,284.12,1.641,2.17,2.63,32570,0,4038,,,13.02,N,N,,2
"  2602 Moore (1982 BR)",2.384,0.1078,5.55,158.21,64.83,2.127,2.64,3.68,26730,0,4942,,,12.85,N,N,,1
"  2623 Zech (A919 SA)",2.255,0.2348,4.05,349.07,22.82,1.726,2.78,3.39,37947,0,11495,,,13.60,N,N,,1
"  2691 Sersic (1974 KB)",2.244,0.1135,3.59,319.75,277.56,1.989,2.50,3.36,26979,0,6369,,,13.49,N,N,5.438,1
"  2754 Efimov (1966 PD)",2.228,0.2326,5.71,275.08,91.26,1.710,2.75,3.33,26659,0,3515,,,13.76,N,N,,1
"  2815 Soma (1982 RL)",2.232,0.1690,5.71,119.79,237.65,1.855,2.61,3.34,25060,0,4780,,,12.85,N,N,6.641,1
"  2825 Crosby (1938 SD1)",2.245,0.1739,3.52,329.35,81.73,1.855,2.64,3.36,31179,0,4891,,,13.46,N,N,5.065,1
"  2847 Parvati (1959 CC1)",2.169,0.1161,2.45,246.87,12.10,1.917,2.42,3.19,29904,0,4975,,,12.83,N,N,6.879,1
"  2860 Pasacentennium (1978 TA)",2.333,0.2152,22.69,334.45,70.81,1.831,2.83,3.56,16426,0,4235,,,12.81,N,N,6.767,1
"  2871 Schober (1981 QC2)",2.258,0.1393,5.77,28.32,335.25,1.943,2.57,3.39,25296,0,5286,,,12.87,N,N,6.804,1
"  2873 Binzel (1982 FR)",2.251,0.1578,5.90,100.96,168.22,1.896,2.61,3.38,32368,0,9396,,,13.10,N,N,6.426,1
"  2883 Barabashov (1978 RG6)",2.245,0.0825,1.41,48.48,151.86,2.060,2.43,3.36,26901,0,4227,,,13.35,N,N,4.910,1
"  2966 Korsunia (1977 EB2)",2.448,0.1387,2.54,46.38,196.89,2.109,2.79,3.83,16981,0,4920,,,13.46,N,N,5.878,1
"  3034 Climenhaga (A917 SE)",2.324,0.2100,4.93,10.57,314.06,1.836,2.81,3.54,38819,0,4233,,,12.78,N,N,,1
"  3073 Kursk (1979 SW11)",2.243,0.1367,5.04,204.07,232.23,1.936,2.55,3.36,19802,0,3962,,,13.73,N,N,,1
"  3076 Garber (1982 RB1)",2.237,0.1893,7.71,195.49,166.54,1.814,2.66,3.35,43232,0,3840,,,13.61,N,N,4.938,1
"  3122 Florence (1981 ET3)",1.769,0.4231,22.14,336.06,27.88,1.020,2.52,2.35,16437,0,8448,6,0,14.10,Y,Y,4.9,2
"  3169 Ostro (1981 LA)",1.892,0.0670,24.90,96.35,32.63,1.765,2.02,2.6,25598,0,13497,,,12.86,N,N,4.662,1
"  3187 Dalian (1977 TO3)",2.283,0.0576,2.75,312.22,105.09,2.152,2.41,3.45,26655,0,4004,,,13.39,N,N,6.223,1
"  3309 Brorfelde (1982 BH)",1.817,0.0536,21.14,29.76,218.73,1.720,1.91,2.45,15341,0,3505,,,13.74,N,N,5.038,1
"  3378 Susanvictoria (A922 WB)",2.316,0.0917,8.08,335.87,92.54,2.104,2.53,3.52,36801,0,7740,,,13.83,N,N,6.637,1
"  3390 Demanet (1984 ES1)",2.253,0.1158,3.38,342.75,260.19,1.992,2.51,3.38,17129,0,4548,,,13.44,N,N,5.062,1
"  3433 Fehrenbach (1963 TJ1)",2.393,0.1876,4.51,336.55,74.40,1.944,2.84,3.7,32472,0,6782,,,12.91,N,N,7.745,1
"  3523 Arina (1975 TV2)",2.373,0.1344,9.68,55.58,159.54,2.054,2.69,3.66,34253,0,4074,,,12.38,N,N,9.071,1
"  3548 Eurybates (1973 SO)",5.208,0.0911,8.05,43.54,27.68,4.734,5.68,11.9,9502,0,3950,,,9.84,N,N,63.885,1
"  3657 Ermolova (1978 ST6)",2.313,0.1316,5.79,237.23,102.36,2.008,2.62,3.52,35809,0,7386,,,12.89,N,N,6.655,1
"  3669 Vertinskij (1982 UO7)",2.214,0.0702,4.82,90.88,35.79,2.059,2.37,3.3,26913,0,7165,,,13.39,N,N,6.243,1
"  3671 Dionysus (1984 KD)",2.2,0.5410,13.53,82.06,204.30,1.009,3.39,3.26,14475,0,1112,,,16.50,Y,Y,1.5,1
"  3673 Levy (1985 QS)",2.346,0.1836,7.09,13.27,45.14,1.915,2.78,3.59,19877,0,4999,,,13.06,N,N,6.412,1
"  3749 Balam (1982 BG1)",2.236,0.1100,5.38,295.67,174.40,1.990,2.48,3.34,25175,0,9464,,,13.63,N,N,4.663,2
"  3782 Celle (1986 TE)",2.415,0.0931,5.25,271.33,333.69,2.190,2.64,3.75,19589,0,5493,,,12.86,N,N,5.924,1
"  3792 Preston (1985 FA)",2.293,0.2195,23.68,63.19,51.28,1.790,2.80,3.47,15556,0,3997,,,13.43,N,N,5.161,1
"  3841 Dicicco (1983 VG7)",2.274,0.1597,5.22,46.00,359.91,1.911,2.64,3.43,18142,0,8304,,,13.52,N,N,6.252,1
"  3865 Lindbloom (1988 AY4)",2.398,0.0788,6.55,214.44,32.42,2.209,2.59,3.71,19137,0,7263,,,12.97,N,N,7.972,1
"  3868 Mendoza (4575 P-L)",2.334,0.0982,8.11,171.52,185.95,2.105,2.56,3.57,25509,0,6622,,,12.73,N,N,8.628,1
"  3873 Roddy (1984 WB)",1.893,0.1336,23.36,250.01,267.57,1.640,2.15,2.6,14317,0,5009,,,12.91,N,N,5.021,1
"  3905 Doppler (1984 QO)",2.561,0.2548,14.21,343.13,91.30,1.909,3.21,4.1,15680,0,7511,,,12.94,N,N,8.021,1
"  3912 Troja (1988 SG)",2.376,0.0307,2.40,26.13,61.53,2.303,2.45,3.66,31494,0,5555,,,13.35,N,N,5.930,1
"  3951 Zichichi (1986 CK1)",2.339,0.1735,5.41,269.99,152.31,1.933,2.74,3.58,17332,0,8583,,,13.07,N,N,6.720,1
"  3959 Irwin (1954 UN2)",2.259,0.1875,3.29,210.79,198.22,1.835,2.68,3.4,25283,0,3857,,,14.08,N,N,4.141,1
"  3982 Kastel' (1984 JP1)",2.258,0.2198,5.30,251.84,50.96,1.762,2.75,3.39,34190,0,4706,,,13.04,N,N,6.790,1
"  4029 Bridges (1982 KC1)",2.526,0.1305,5.44,214.75,16.50,2.196,2.86,4.01,18169,0,6426,,,12.91,N,N,7.433,1
"  4092 Tyr (1986 TJ4)",2.632,0.2502,4.03,253.77,108.87,1.974,3.29,4.27,9593,0,4362,,,13.30,N,N,,1
"  4272 Entsuji (1977 EG5)",2.368,0.2494,9.27,184.37,183.89,1.777,2.96,3.64,25656,0,3993,,,12.95,N,N,7.675,1
"  4288 Tokyotech (1989 TQ1)",2.628,0.1773,14.03,44.56,325.55,2.162,3.09,4.26,23499,0,4212,,,11.70,N,N,12.296,1
"  4296 van Woerkom (1935 SA2)",2.249,0.1660,6.14,13.03,27.01,1.876,2.62,3.37,32267,0,3792,,,13.38,N,N,,1
"  4362 Carlisle (1978 PR4)",2.238,0.1019,4.72,34.35,172.81,2.010,2.47,3.35,26063,0,4221,,,13.23,N,N,5.590,1
"  4370 Dickens (1982 SL)",2.197,0.1994,2.56,218.30,153.34,1.759,2.63,3.26,26422,0,5405,,,14.56,N,N,3.775,1
"  4383 Suruga (1989 XP)",2.425,0.0644,7.16,88.45,317.49,2.269,2.58,3.78,16443,0,4118,,,13.11,N,N,6.471,1
"  4411 Kochibunkyo (1990 AF)",2.167,0.0927,2.26,88.43,10.90,1.966,2.37,3.19,18243,0,5407,,,14.14,N,N,4.433,1
"  4435 Holt (1983 AG2)",2.317,0.3346,21.94,330.74,110.53,1.541,3.09,3.53,16439,0,9534,,,13.41,N,N,5.042,1
"  4440 Tchantches (1984 YV)",1.921,0.0774,21.35,283.30,225.06,1.772,2.07,2.66,14184,0,3207,,,13.89,N,N,2.093,1
"  4492 Debussy (1988 SH)",2.769,0.1770,8.02,349.71,53.74,2.279,3.26,4.61,26299,0,8055,,,13.22,N,N,17.359,1
"  4494 Marimo (1988 TK1)",2.342,0.1204,2.47,294.30,216.61,2.061,2.62,3.59,18846,0,4514,,,13.69,N,N,,1
"  4514 Vilen (1972 HX)",2.344,0.1526,7.96,110.35,88.28,1.987,2.70,3.59,18862,0,9161,,,14.13,N,N,,1
"  4528 Berg (1983 PP)",2.55,0.1370,8.71,161.34,316.13,2.201,2.90,4.07,21425,0,12482,,,12.54,N,N,9.356,1
"  4541 Mizuno (1989 AF)",2.379,0.0202,4.78,65.93,27.06,2.331,2.43,3.67,34300,0,9278,,,13.20,N,N,6.294,1
"  4607 Seilandfarm (1987 WR)",2.264,0.0196,2.25,250.41,222.80,2.219,2.31,3.41,17698,0,6282,,,13.44,N,N,7.389,1
"  4666 Dietz (1986 JA1)",2.34,0.2341,24.51,230.18,42.13,1.792,2.89,3.58,13782,0,6352,,,13.16,N,N,6.827,2
"  4674 Pauling (1989 JC)",1.859,0.0704,19.44,232.90,239.58,1.728,1.99,2.53,13926,0,5370,,,13.99,N,N,4.818,1
"  4765 Wasserburg (1986 JN1)",1.945,0.0601,23.71,76.50,108.67,1.828,2.06,2.71,14934,0,3516,,,14.04,N,N,1.777,1
"  4786 Tatianina (1985 PE2)",2.357,0.1952,7.25,115.70,118.42,1.897,2.82,3.62,19598,0,4456,,,13.47,N,N,3.282,1
"  4788 Simpson (1986 TL1)",2.262,0.1300,4.32,277.15,110.61,1.968,2.56,3.4,17200,0,3455,,,13.91,N,N,3.583,1
"  4868 Knushevia (1989 UN2)",1.96,0.0684,22.11,187.49,94.46,1.826,2.09,2.74,14802,0,5474,,,15.17,N,N,1.535,1
"  4901 O Briain (1988 VJ)",2.274,0.1909,4.64,227.11,94.30,1.840,2.71,3.43,26826,0,4077,,,13.74,N,N,5.225,1
"  4951 Iwamoto (1990 BM)",2.257,0.1667,7.53,100.98,339.89,1.881,2.63,3.39,33709,0,3715,,,13.50,N,N,5.192,1
"  5037 Habing (6552 P-L)",2.273,0.1104,7.03,165.93,280.44,2.022,2.52,3.43,23139,0,4140,,,13.35,N,N,5.676,1
"  5112 Kusaji (1987 SM13)",2.174,0.1300,5.77,62.66,341.69,1.892,2.46,3.21,19105,0,3752,,,14.03,N,N,3.419,1
"  5135 Nibutani (1990 UE)",2.239,0.1275,3.31,35.44,229.83,1.953,2.52,3.35,19968,0,4698,,,13.66,N,N,4.816,1
"  5143 Heracles (1991 VL)",1.835,0.7713,8.98,309.19,228.14,0.420,3.25,2.49,25631,0,4639,1,0,14.06,Y,N,4.843,1
"  5261 Eureka (1990 MB)",1.523,0.0648,20.28,245.02,95.47,1.425,1.62,1.88,15765,0,2192,,,16.13,N,N,1.878,1
"  5319 Petrovskaya (1985 RK6)",2.257,0.1543,6.24,200.44,81.70,1.909,2.60,3.39,26361,0,4771,,,13.78,N,N,4.911,1
"  5381 Sekhmet (1991 JY)",0.9475,0.2964,48.97,58.53,37.42,0.667,1.23,0.922,10211,0,642,1,0,16.75,Y,N,0.935,1
"  5402 Kejosmith (1989 UK2)",2.046,0.1366,16.71,237.00,133.36,1.767,2.33,2.93,13457,0,3669,,,13.69,N,N,4.191,1
"  5407 (1992 AX)",1.839,0.2775,11.39,117.68,108.88,1.329,2.35,2.49,26362,0,12490,,,14.42,N,N,2.823,1
"  5425 Vojtech (1984 SA1)",2.454,0.1353,6.26,355.84,25.86,2.122,2.79,3.84,25149,0,4790,,,13.26,N,N,7.052,1
"  5426 Sharp (1985 DD)",1.955,0.1167,23.79,88.12,67.73,1.727,2.18,2.73,13965,0,2778,,,14.26,N,N,2.033,1
"  5474 Gingasen (1988 XE1)",2.383,0.0683,6.14,246.87,257.54,2.221,2.55,3.68,19206,0,6937,,,13.35,N,N,5.046,1
"  5477 Holmes (1989 UH2)",1.917,0.0751,22.55,49.08,290.41,1.773,2.06,2.65,12458,0,11849,,,14.32,N,N,3.147,1
"  5481 Kiuchi (1990 CH)",2.339,0.0628,5.96,326.04,249.85,2.192,2.49,3.58,19428,0,4918,,,13.47,N,N,,1
"  5500 Twilley (1981 WR)",2.28,0.0883,4.40,112.46,340.83,2.078,2.48,3.44,25147,0,3677,,,13.76,N,N,4.483,1
"  5536 Honeycutt (1955 QN)",2.25,0.0943,6.78,250.59,124.97,2.037,2.46,3.37,25504,0,5963,,,13.15,N,N,,1
"  5646 (1990 TR)",2.144,0.4359,7.91,14.11,335.77,1.209,3.08,3.14,12371,0,2501,,,15.51,Y,N,4.3,1
"  5674 Wolff (1986 RW2)",2.357,0.1660,1.70,39.81,311.68,1.966,2.75,3.62,24739,0,3972,,,13.53,N,N,6.039,1
"  5772 Johnlambert (1988 LB)",2.554,0.1287,12.23,275.18,7.67,2.225,2.88,4.08,25150,0,3580,,,13.10,N,N,,1
"  5781 Barkhatova (1990 SM28)",2.137,0.0379,2.71,259.01,171.39,2.056,2.22,3.12,26482,0,5986,,,13.83,N,N,5.653,1
"  5872 Sugano (1989 SL)",2.249,0.1334,6.61,242.32,131.39,1.949,2.55,3.37,24971,0,3506,,,13.79,N,N,,1
"  5899 Jedicke (1986 AH)",1.928,0.1168,24.01,125.30,263.66,1.703,2.15,2.68,16767,0,2864,,,14.24,N,N,2.672,1
"  5905 Johnson (1989 CJ1)",1.91,0.0718,27.52,141.25,208.75,1.773,2.05,2.64,12526,0,4086,,,13.96,N,N,4.728,1
"  6016 Carnelli (1991 PA11)",2.332,0.2145,5.90,189.25,164.10,1.832,2.83,3.56,23493,0,7015,,,13.68,N,N,3.526,1
"  6084 Bascom (1985 CT)",2.313,0.2360,23.00,147.17,258.75,1.767,2.86,3.52,26979,0,3918,,,12.96,N,N,6.347,1
"  6100 Kunitomoikkansai (1991 VK4)",2.33,0.1350,3.40,303.81,69.36,2.016,2.64,3.56,26952,0,3744,,,13.66,N,N,4.057,1
"  6177 Fecamp (1986 CE2)",2.203,0.0762,5.68,1.05,139.80,2.035,2.37,3.27,26926,0,7781,,,13.79,N,N,4.795,1
"  6186 Zenon (1988 CC2)",2.379,0.1841,4.21,315.25,87.20,1.941,2.82,3.67,21193,0,3224,,,13.94,N,N,,2
"  6244 Okamoto (1990 QF)",2.159,0.1523,5.39,331.27,51.60,1.830,2.49,3.17,32996,0,4561,,,13.79,N,N,,1
"  6245 Ikufumi (1990 SO4)",2.302,0.1782,8.01,299.71,52.34,1.892,2.71,3.49,25452,0,3722,,,13.38,N,N,8.105,1
"  6265 (1985 TW3)",2.166,0.1926,4.11,45.14,281.69,1.749,2.58,3.19,19832,0,5873,,,13.73,N,N,4.954,1
"  6369 (1983 UC)",2.294,0.1430,5.99,35.47,351.69,1.966,2.62,3.47,25292,0,4957,,,14.57,N,N,,1
"  6384 Kervin (1989 AM)",1.937,0.0771,26.29,76.82,265.82,1.787,2.09,2.7,12811,0,7176,,,14.00,N,N,3.739,1
"  6615 Plutarchos (9512 P-L)",2.17,0.1272,1.80,129.36,81.02,1.894,2.45,3.2,22947,0,3361,,,14.79,N,N,3.139,1
"  6708 Bobbievaile (1989 AA5)",2.445,0.1810,12.07,115.79,193.37,2.003,2.89,3.82,16237,0,5099,,,13.29,N,N,8.074,1
"  6764 Kirillavrov (1981 TM3)",2.258,0.1401,7.05,18.10,242.52,1.942,2.57,3.39,19104,0,7690,,,13.45,N,N,5.287,1
"  7002 Bronshten (1971 OV)",2.356,0.3327,4.58,193.19,144.07,1.572,3.14,3.62,19171,0,2447,,,14.91,N,N,,1
"  7088 Ishtar (1992 AA)",1.981,0.3900,8.30,102.61,354.77,1.209,2.75,2.79,15468,0,1423,,,16.84,Y,N,1.298,1
"  7132 Casulli (1993 SE)",2.308,0.2114,5.49,321.11,245.68,1.820,2.80,3.51,25113,0,5312,,,13.93,N,N,9.015,1
"  7187 Isobe (1992 BW)",1.938,0.0864,21.79,315.29,86.39,1.770,2.11,2.7,14043,0,4724,,,14.08,N,N,5.421,1
"  7225 Huntress (1983 BH)",2.341,0.2037,6.86,275.65,204.24,1.864,2.82,3.58,22987,0,4640,,,13.29,N,N,6.680,1
"  7307 Takei (1994 GT9)",2.743,0.0854,6.99,42.97,119.75,2.508,2.98,4.54,16527,0,6306,,,12.67,N,N,,1
"  7335 (1989 JA)",1.772,0.4846,15.17,61.28,232.29,0.913,2.63,2.36,12735,0,2603,4,5,17.70,Y,Y,1.8,1
"  7344 Summerfield (1992 LU)",2.59,0.1115,14.30,174.97,18.82,2.301,2.88,4.17,14011,0,3972,,,13.14,N,N,6.251,1
"  7369 Gavrilin (1975 AN)",2.371,0.3193,21.80,278.21,113.19,1.614,3.13,3.65,17696,0,3186,,,13.34,N,N,4.911,1
"  7393 Luginbuhl (1984 SL3)",2.241,0.1995,6.73,23.48,331.98,1.794,2.69,3.36,14748,0,8896,,,13.54,N,N,5.473,1
"  7615 (1996 TA11)",2.407,0.2112,3.56,106.09,235.09,1.899,2.92,3.73,15465,0,3560,,,14.07,N,N,3.910,1
"  7792 (1995 WZ3)",2.298,0.1485,7.20,61.38,143.66,1.956,2.64,3.48,17413,0,4042,,,13.11,N,N,7.447,1
"  7888 (1993 UC)",2.437,0.6631,26.08,165.90,323.02,0.821,4.05,3.81,12427,0,1430,5,0,15.19,Y,N,2.298,1
"  7889 (1994 LX)",1.262,0.3462,36.91,111.26,349.18,0.825,1.70,1.42,16475,0,5075,2,2,15.33,Y,N,1.680,1
"  7958 Leakey (1994 LE3)",1.877,0.0771,21.97,195.70,154.18,1.733,2.02,2.57,13783,0,4642,,,14.49,N,N,2.941,1
"  8026 Johnmckay (1991 JA1)",1.925,0.0748,19.94,217.67,145.93,1.781,2.07,2.67,12357,0,2748,,,14.99,N,N,1.690,1
"  8077 Hoyle (1986 AW2)",2.634,0.2127,17.20,135.50,36.25,2.073,3.19,4.27,25347,0,4270,,,12.97,N,N,,1
"  8116 Jeanperrin (1996 HA15)",2.25,0.1586,5.43,48.92,320.84,1.893,2.61,3.37,13055,0,8923,,,14.17,N,N,4.773,1
"  8306 Shoko (1995 DY1)",2.241,0.2206,4.78,208.61,143.59,1.747,2.74,3.36,13656,0,3782,,,15.18,N,N,,1
"  8373 Stephengould (1992 AB)",3.28,0.5546,40.79,88.86,55.35,1.461,5.10,5.94,11494,0,3691,,,14.31,N,N,5.748,1
"  8474 Rettig (1985 GA1)",2.224,0.1725,5.91,132.57,141.97,1.840,2.61,3.32,25128,0,4127,,,13.88,N,N,4.197,1
"  9069 Hovland (1993 OV)",1.913,0.1182,19.57,247.87,171.13,1.687,2.14,2.65,11747,0,3331,,,14.43,N,N,,1
"  9260 Edwardolson (1953 TA1)",2.29,0.2295,5.10,214.55,148.47,1.764,2.82,3.46,25682,0,3162,,,14.29,N,N,4.115,1
"  9332 (1990 SB1)",2.581,0.1079,12.65,346.38,211.78,2.303,2.86,4.15,26606,0,3693,,,13.24,N,N,6.176,1
"  9474 Cassadrury (1998 QK15)",2.286,0.1842,5.03,210.60,155.80,1.865,2.71,3.46,15440,0,2689,,,14.39,N,N,3.573,1
"  9617 Grahamchapman (1993 FA5)",2.225,0.1128,6.14,165.51,281.68,1.974,2.48,3.32,26266,0,4903,,,14.97,N,N,2.840,1
"  9783 Tensho-kan (1994 YD1)",2.669,0.1046,1.96,278.61,130.25,2.390,2.95,4.36,17088,0,2626,,,14.13,N,N,5.332,1
"  9972 Minoruoda (1993 KQ)",2.289,0.2001,9.43,97.72,125.40,1.831,2.75,3.46,24079,0,4583,,,14.09,N,N,8.850,1
" 10044 Squyres (1985 RU)",2.564,0.3346,16.44,317.97,32.61,1.706,3.42,4.11,14017,0,2879,,,13.58,N,N,4.613,1
" 10123 Fideoja (1993 FJ16)",2.27,0.2054,4.05,76.79,267.72,1.803,2.74,3.42,16878,0,3714,,,14.50,N,N,3.476,1
" 10132 Lummelunda (1993 FL84)",2.217,0.1643,8.06,182.84,165.20,1.853,2.58,3.3,15268,0,4553,,,14.11,N,N,3.589,1
" 10140 Villon (1993 SX4)",2.42,0.1315,2.62,165.44,20.85,2.102,2.74,3.77,18515,0,4473,,,13.86,N,N,4.785,1
" 10208 Germanicus (1997 QN1)",2.236,0.2009,4.56,223.58,114.99,1.787,2.69,3.34,13101,0,3085,,,14.67,N,N,3.552,1
" 11217 (1999 JC4)",1.944,0.0696,19.30,224.61,69.62,1.809,2.08,2.71,16233,0,2230,,,15.22,N,N,,1
" 11264 Claudiomaccone (1979 UC4)",2.579,0.2317,3.51,10.74,59.20,1.982,3.18,4.14,26603,0,3503,,,14.35,N,N,3.203,1
" 12008 Kandrup (1996 TY9)",1.996,0.3163,29.75,263.29,344.90,1.365,2.63,2.82,26799,0,6176,,,13.31,N,N,,1
" 12218 Fleischer (1982 RK)",2.212,0.1406,4.86,108.19,290.40,1.901,2.52,3.29,15113,0,3659,,,13.62,N,N,4.988,1
" 12326 Shirasaki (1992 SF)",2.264,0.1876,5.83,2.91,17.45,1.839,2.69,3.41,17652,0,2407,,,14.79,N,N,,1
" 13123 Tyson (1994 KA)",2.36,0.2708,23.28,68.77,252.03,1.721,3.00,3.63,25762,0,4060,,,12.68,N,N,10.875,1
" 13920 Montecorvino (1985 PE1)",2.164,0.2373,3.14,308.39,9.66,1.650,2.68,3.18,16113,0,3339,,,14.79,N,N,,1
" 14469 Komatsuataka (1993 RK)",2.582,0.2684,12.30,343.76,12.71,1.889,3.27,4.15,12039,0,2809,,,13.79,N,N,4.021,1
" 15107 Toepperwein (2000 CR49)",2.271,0.1774,4.60,265.96,14.33,1.868,2.67,3.42,11765,0,3032,,,14.68,N,N,2.859,1
" 15268 Wendelinefroger (1990 WF3)",2.366,0.2343,2.75,143.97,210.51,1.812,2.92,3.64,16146,0,2742,,,14.79,N,N,,1
" 15430 (1998 UR31)",2.222,0.1703,8.18,62.74,177.26,1.844,2.60,3.31,24757,0,3205,,,14.42,N,N,3.742,1
" 15700 (1987 QD)",2.209,0.3145,26.79,175.44,119.54,1.514,2.90,3.28,25419,0,2841,,,14.81,N,N,,1
" 15745 Yuliya (1991 PM5)",1.72,0.2550,14.43,132.60,140.66,1.281,2.16,2.26,15145,0,1631,,,17.41,Y,N,,1
" 15822 Genefahnestock (1994 TV15)",1.948,0.0797,22.03,190.83,149.96,1.793,2.10,2.72,25498,0,2800,,,14.67,N,N,1.720,1
" 16525 Shumarinaiko (1991 CU2)",2.4,0.1383,2.42,7.60,181.11,2.068,2.73,3.72,26979,0,4262,,,13.81,N,N,5.253,1
" 16635 (1993 QO)",2.299,0.2851,21.92,313.73,77.98,1.644,2.95,3.49,13422,0,2674,,,14.37,N,N,3.078,1
" 16694 (1995 AJ)",2.237,0.2067,6.42,285.99,39.67,1.775,2.70,3.35,12701,0,4331,,,14.12,N,N,4.055,1
" 16974 Iphthime (1998 WR21)",5.179,0.0700,15.04,241.53,137.47,4.816,5.54,11.8,17278,0,2573,,,9.96,N,N,57.341,1
" 17081 Jaytee (1999 JT1)",2.316,0.2139,6.41,153.77,207.72,1.820,2.81,3.52,13938,0,4556,,,14.25,N,N,4.515,1
" 17246 Christophedumas (2000 GL74)",2.84,0.0231,2.44,34.29,222.17,2.774,2.91,4.79,19252,0,2648,,,14.06,N,N,,1
" 17260 Kusnirak (2000 JQ58)",2.204,0.1842,5.29,199.73,290.80,1.798,2.61,3.27,26939,0,4019,,,14.56,N,N,,1
" 17700 Oleksiygolubov (1997 GM40)",2.32,0.1935,8.49,66.09,55.32,1.871,2.77,3.53,25594,0,3077,,,14.21,N,N,3.446,1
" 18303 (1980 PU)",2.192,0.2059,4.27,222.76,57.13,1.740,2.64,3.24,15884,0,2869,,,14.61,N,N,,1
" 18527 (1996 VJ30)",2.398,0.1440,5.46,243.37,104.50,2.053,2.74,3.71,26465,0,3402,,,14.02,N,N,3.348,1
" 18890 (2000 EV26)",1.917,0.0738,22.98,184.37,265.70,1.775,2.06,2.65,14573,0,2936,,,14.81,N,N,2.144,1
" 19281 (1996 AP3)",2.287,0.1938,6.83,273.28,66.27,1.844,2.73,3.46,12844,0,3868,,,13.74,N,N,4.506,1
" 20325 Julianoey (1998 HO27)",2.379,0.0764,6.10,98.14,256.67,2.198,2.56,3.67,25220,0,4215,,,13.36,N,N,4.942,1
" 20882 Paulsanchez (2000 VH57)",2.363,0.2472,2.38,13.66,358.04,1.779,2.95,3.63,27083,0,2721,,,14.54,N,N,,1
" 21436 Chaoyichi (1998 FL116)",2.186,0.0844,3.73,320.26,178.88,2.002,2.37,3.23,12556,0,2424,,,15.54,N,N,1.953,1
" 21527 Horton (1998 MV27)",2.578,0.1833,12.69,286.38,47.68,2.106,3.05,4.14,26678,0,3559,,,13.46,N,N,4.988,1
" 22899 Alconrad (1999 TO14)",2.847,0.0853,2.88,135.95,220.35,2.604,3.09,4.8,10706,0,3317,,,13.93,N,N,5.682,1
" 23621 (1996 PA)",1.904,0.2991,19.35,143.74,153.41,1.335,2.47,2.63,14739,0,2235,,,15.67,N,N,,1
" 24106 (1999 VA12)",2.32,0.2148,6.36,261.37,92.04,1.822,2.82,3.53,11254,0,2800,,,14.98,N,N,,1
" 24465 (2000 SX155)",1.926,0.0849,21.65,35.49,1.61,1.762,2.09,2.67,14113,0,2571,,,15.11,N,N,,1
" 24495 Degroff (2001 AV1)",2.171,0.3615,29.75,75.29,133.08,1.386,2.96,3.2,25592,0,2652,,,15.07,N,N,,1
" 25015 Lairdclose (1998 QN2)",2.228,0.1982,5.75,265.68,41.38,1.786,2.67,3.33,20267,0,2827,,,14.86,N,N,2.899,1
" 25021 Nischaykumar (1998 QV17)",2.319,0.1006,3.79,188.55,108.84,2.085,2.55,3.53,16927,0,1806,,,15.92,N,N,2.151,1
" 26074 Carlwirtz (1977 TD)",1.811,0.0892,31.61,102.79,73.34,1.650,1.97,2.44,16803,0,2529,,,15.07,N,N,,1
" 26308 (1998 SM165)",48.12,0.3731,13.47,183.00,132.25,30.166,66.07,334,15002,2,372,,,5.78,N,N,,1
" 26416 (1999 XM84)",2.342,0.0514,4.53,263.01,285.18,2.222,2.46,3.58,10716,0,2965,,,14.49,N,N,,1
" 26420 (1999 XL103)",2.198,0.1067,4.72,72.93,261.00,1.963,2.43,3.26,9549,0,2086,,,15.87,N,N,,1
" 26471 Tracybecker (2000 AS152)",1.918,0.1544,19.69,268.68,58.93,1.622,2.21,2.66,10511,0,4002,,,13.43,N,N,4.987,1
" 27568 (2000 PT6)",1.963,0.0277,22.26,174.01,78.21,1.909,2.02,2.75,12064,0,2844,,,14.80,N,N,1.816,1
" 27675 Paulmaley (1981 CH)",2.354,0.1893,24.67,316.16,186.18,1.908,2.80,3.61,15702,0,3323,,,13.62,N,N,5.089,1
" 31345 (1998 PG)",2.016,0.3914,6.50,222.69,156.21,1.227,2.80,2.86,16315,0,1566,,,17.62,Y,N,,1
" 31346 (1998 PB1)",2.03,0.4297,5.96,299.73,350.50,1.157,2.90,2.89,9377,0,637,,,17.24,Y,N,,1
" 31450 Stevepreston (1999 CU9)",2.393,0.2668,10.74,323.89,18.78,1.755,3.03,3.7,20568,0,4262,,,13.21,N,N,10.625,1
" 32008 Adriangalad (2000 HM53)",2.192,0.1928,6.31,221.79,144.25,1.769,2.61,3.25,11726,0,3557,,,14.63,N,N,,1
" 32039 (2000 JO23)",2.224,0.2813,6.50,303.81,353.32,1.598,2.85,3.32,25148,0,2880,,,14.77,N,N,,1
" 34706 (2001 OP83)",2.255,0.3810,8.68,66.42,42.08,1.396,3.11,3.39,22462,0,2319,,,14.95,N,N,,1
" 35107 (1991 VH)",1.137,0.1442,13.91,139.34,206.95,0.973,1.30,1.21,10771,0,4050,3,0,16.91,Y,Y,0.929,1
" 37424 (2001 YA3)",2.562,0.1864,12.70,339.08,62.65,2.085,3.04,4.1,15593,0,2962,,,13.38,N,N,5.928,1
" 38079 (1999 HF)",2.323,0.1935,24.17,182.24,3.23,1.874,2.77,3.54,11092,0,3121,,,14.32,N,N,3.423,1
" 38628 Huya (2000 EB173)",39.28,0.2733,15.47,169.44,68.02,28.542,50.01,246,9939,1,845,,,4.82,N,N,,1
" 42355 Typhon (2002 CR46)",37.52,0.5340,2.43,352.02,158.51,17.485,57.55,230,12227,1,504,,,7.64,N,N,192.000,1
" 43008 (1999 UD31)",2.349,0.1887,1.97,126.23,204.02,1.906,2.79,3.6,9674,0,1646,,,15.84,N,N,,1
" 44620 (1999 RS43)",2.177,0.1636,4.40,181.98,181.13,1.820,2.53,3.21,9144,0,1943,,,15.76,N,N,,1
" 46829 McMahon (1998 OS14)",2.401,0.1803,5.59,334.87,25.81,1.968,2.83,3.72,13059,0,1875,,,15.16,N,N,,1
" 47171 Lempo (1999 TC36)",39.81,0.2321,8.41,97.13,295.25,30.565,49.05,251,18094,1,902,,,4.94,N,N,,2
" 48639 (1995 TL8)",53.05,0.2423,0.24,260.56,85.80,40.192,65.90,386,10304,2,363,,,4.87,N,N,,1
" 50000 Quaoar (2002 LM60)",43.31,0.0395,7.99,189.10,159.90,41.601,45.02,285,25300,0,1042,,,2.42,N,N,,1
" 51356 (2000 RY76)",1.812,0.1115,22.20,331.17,36.29,1.610,2.01,2.44,17495,0,2893,,,15.34,N,N,,1
" 52316 Daveslater (1992 BD)",1.896,0.0651,28.99,79.05,21.45,1.773,2.02,2.61,25921,0,2453,,,15.19,N,N,,1
" 53110 (1999 AR7)",1.644,0.2146,40.62,85.42,58.22,1.292,2.00,2.11,8321,0,1524,,,16.73,Y,N,,1
" 53432 (1999 UT55)",1.872,0.1158,22.44,268.67,126.79,1.655,2.09,2.56,10318,0,1848,,,15.82,N,N,,1
" 54697 (2001 FA70)",2.383,0.3311,13.09,168.44,129.38,1.594,3.17,3.68,9604,0,1950,,,15.08,N,N,,1
" 55637 (2002 UX25)",42.99,0.1440,19.38,204.54,274.78,36.798,49.18,282,11769,0,1430,,,3.84,N,N,,1
" 57027 (2000 UB59)",3.957,0.1339,3.35,285.44,149.80,3.427,4.49,7.87,8858,0,1359,,,13.69,N,N,11.117,1
" 58534 Logos (1997 CQ29)",44.97,0.1200,2.90,132.62,333.55,39.567,50.36,302,8476,3,112,,,6.87,N,N,,1
" 60458 (2000 CM114)",59.02,0.3992,19.72,312.36,251.58,35.461,82.58,453,7318,2,84,,,7.37,N,N,,1
" 60621 (2000 FE8)",54.88,0.3995,5.88,4.03,142.41,32.957,76.80,407,7362,2,166,,,6.88,N,N,,1
" 65489 Ceto (2003 FX128)",99.15,0.8212,22.32,172.14,319.20,17.724,180.58,987,12155,1,278,,,6.47,N,N,,1
" 65803 Didymos (1996 GT)",1.643,0.3833,3.41,72.99,319.58,1.013,2.27,2.11,9923,0,5743,9,0,18.11,Y,Y,0.78,1
" 66063 (1998 RO1)",0.991,0.7200,22.69,351.85,151.16,0.278,1.70,0.987,9064,0,1321,4,0,18.15,Y,N,,1
" 66391 Moshup (1999 KW4)",0.6424,0.6884,38.88,244.90,192.65,0.200,1.08,0.515,9200,0,3861,37,0,16.64,Y,Y,1.317,1
" 66652 Borasisi (1999 RZ253)",44.07,0.0881,0.56,84.83,202.30,40.192,47.95,293,8799,2,331,,,5.86,N,N,,1
" 68063 (2000 YJ66)",2.334,0.4578,5.72,308.84,50.36,1.265,3.40,3.57,12248,0,3270,,,15.57,Y,N,2.301,1
" 69230 Hermes (1937 UB)",1.655,0.6237,6.07,34.06,92.90,0.623,2.69,2.13,31285,0,2628,3,3,17.68,Y,Y,,1
" 69406 Martz-Kohl (1995 SX48)",1.844,0.0225,21.99,299.28,309.31,1.803,1.89,2.5,10351,0,3238,,,14.64,N,N,3.182,1
" 72036 (2000 XM44)",2.324,0.2769,22.60,32.40,108.17,1.681,2.97,3.54,25011,0,2206,,,14.55,N,N,2.697,1
" 76818 Brianenke (2000 RG79)",1.93,0.0956,18.13,292.29,129.68,1.745,2.11,2.68,15919,0,3140,,,13.82,N,N,,1
" 79360 Sila-Nunam (1997 CS29)",43.75,0.0076,2.25,304.35,220.08,43.412,44.08,289,9847,2,546,,,5.28,N,N,,1
" 79472 Chiorny (1998 AX4)",1.962,0.0799,24.34,93.29,331.62,1.805,2.12,2.75,11020,0,2603,,,14.95,N,N,,1
" 80218 (1999 VO123)",2.218,0.0276,1.80,114.30,186.92,2.157,2.28,3.3,11625,0,781,,,16.80,N,N,,1
" 80806 (2000 CM105)",42.01,0.0699,3.76,45.49,3.12,39.073,44.95,272,8441,3,125,,,6.69,N,N,,1
" 82075 (2000 YW134)",57.76,0.2906,19.82,126.96,315.34,40.975,74.54,439,8425,2,428,,,4.66,N,N,,1
" 82157 (2001 FM185)",38.36,0.0570,5.38,150.84,119.21,36.173,40.55,238,7348,2,149,,,7.04,N,N,,1
" 85628 (1998 KV2)",1.593,0.3315,13.03,66.74,50.56,1.065,2.12,2.01,9430,0,6484,,,17.30,Y,N,0.775,1
" 85938 (1999 DJ4)",1.853,0.4844,9.14,19.88,197.76,0.955,2.75,2.52,9063,0,640,1,0,18.72,Y,Y,,1
" 88611 Teharonhiawako (2001 QT297)",44.32,0.0205,2.58,304.71,237.10,43.416,45.23,295,7356,2,195,,,5.98,N,N,,1
" 88710 (2001 SL9)",1.062,0.2701,21.90,202.83,329.36,0.775,1.35,1.09,25198,0,1221,,,17.67,Y,N,0.760,1
" 90482 Orcus (2004 DW)",39.15,0.2277,20.56,268.48,73.66,30.234,48.06,245,26382,1,1741,,,2.17,N,N,,1
" 97034 (1999 UK7)",1.853,0.2680,24.19,336.88,202.39,1.356,2.35,2.52,8755,0,3260,,,14.88,N,N,,1
" 99913 (1997 CZ5)",2.292,0.3985,24.96,287.94,169.51,1.378,3.20,3.47,11450,0,2616,,,13.48,N,N,,1
"100015 (1989 SR7)",2.364,0.2999,4.39,269.27,88.77,1.655,3.07,3.64,12173,0,1379,,,15.92,N,N,,1
"114319 (2002 XD58)",2.256,0.2748,6.84,242.47,92.62,1.636,2.88,3.39,12942,0,1798,,,15.75,N,N,1.728,1
"118303 (1998 UG)",2.265,0.2295,21.79,304.62,119.05,1.745,2.78,3.41,9219,0,2243,,,13.93,N,N,4.280,1
"119067 (2001 KP76)",43.54,0.1917,7.22,42.94,304.52,35.190,51.88,287,2176,4,24,,,6.33,N,N,,1
"119979 (2002 WC19)",48.02,0.2617,9.18,109.72,43.49,35.451,60.58,333,6523,2,205,,,4.67,N,N,,1
"120347 Salacia (2004 SB60)",42.33,0.1006,23.93,280.15,312.35,38.074,46.59,275,15128,1,630,,,4.22,N,N,,1
"123509 (2000 WK183)",44.56,0.0473,1.97,185.47,286.93,42.452,46.67,297,7675,3,80,,,6.51,N,N,,1
"134340 Pluto (1930 BM)",39.59,0.2518,17.15,110.29,113.71,29.619,49.56,249,31524,,7212,,,-0.45,N,N,,5
"134860 (2000 OJ67)",43.14,0.0184,1.11,96.80,169.35,42.350,43.94,283,7680,2,195,,,6.32,N,N,,1
"136108 Haumea (2003 EL61)",42.89,0.1999,28.21,121.97,240.70,34.316,51.47,281,25152,1,4948,,,0.20,N,N,,2
"136199 Eris (2003 UB313)",68.15,0.4323,43.74,36.08,150.87,38.689,97.62,563,25352,3,3120,,,-1.23,N,N,,1
"136472 Makemake (2005 FY9)",45.29,0.1658,29.03,79.31,296.16,37.779,52.79,305,25204,1,4753,,,-0.21,N,N,,1
"136617 (1994 CC)",1.638,0.4168,4.68,268.52,24.89,0.955,2.32,2.1,12520,0,718,13,14,17.97,Y,Y,,2
"136993 (1998 ST49)",2.308,0.5956,24.49,18.21,48.05,0.933,3.68,3.51,7882,0,1021,5,2,17.85,Y,N,,1
"137170 (1999 HF1)",0.8192,0.4625,25.66,155.86,253.41,0.440,1.20,0.741,8807,0,6856,1,0,14.67,Y,N,,1
"138095 (2000 DK79)",1.776,0.4146,60.69,43.46,2.55,1.040,2.51,2.37,13856,0,796,3,1,15.98,Y,Y,,1
"139775 (2001 QG298)",39.75,0.2005,6.48,162.44,210.12,31.781,47.72,251,8146,2,398,,,6.91,N,N,,1
"143649 (2003 QQ47)",1.085,0.1870,62.10,0.99,104.96,0.882,1.29,1.13,7198,0,1244,0,1,17.39,Y,Y,,1
"148780 Altjira (2001 UQ18)",44.49,0.0603,5.19,1.68,305.09,41.806,47.17,297,7709,4,83,,,5.77,N,N,,1
"153591 (2001 SN263)",1.987,0.4800,6.69,325.74,173.06,1.033,2.94,2.8,12045,0,3637,3,0,17.11,Y,Y,2,2
"153958 (2002 AM31)",1.703,0.4515,4.64,144.37,197.97,0.934,2.47,2.22,14910,0,810,7,1,18.36,Y,Y,,1
"160091 (2000 OL67)",45.46,0.1091,1.98,322.62,317.22,40.496,50.42,306,7359,4,58,,,6.96,N,N,,1
"160256 (2002 PD149)",43.31,0.0578,4.91,103.58,31.80,40.804,45.81,285,6649,3,53,,,6.63,N,N,,1
"162000 (1990 OS)",1.678,0.4627,1.09,346.52,21.58,0.902,2.45,2.17,12258,0,426,5,4,19.64,Y,Y,0.4,1
"162483 (2000 PJ5)",0.8727,0.3736,51.18,124.41,7.65,0.547,1.20,0.815,8412,0,874,,,17.53,Y,N,0.906,1
"163693 Atira (2003 CP20)",0.741,0.3221,25.62,103.88,252.93,0.502,0.98,0.638,7693,0,901,2,0,16.39,Y,N,,1
"164121 (2003 YT1)",1.11,0.2919,44.06,38.32,91.04,0.786,1.43,1.17,15092,0,1863,10,1,16.22,Y,Y,1.717,1
"174567 Varda (2003 MW12)",45.69,0.1455,21.52,184.28,183.61,39.043,52.34,309,15439,1,744,,,3.47,N,N,,1
"175706 (1996 FG3)",1.055,0.3501,1.97,299.52,24.07,0.686,1.42,1.08,13954,0,2658,6,1,18.32,Y,Y,1.196,1
"182933 (2002 GZ31)",50.27,0.2388,1.05,117.26,165.31,38.264,62.28,356,2254,4,68,,,6.46,N,N,,1
"185851 (2000 DP107)",1.365,0.3765,8.67,358.66,289.79,0.851,1.88,1.59,8781,0,1493,21,2,18.32,Y,Y,0.863,1
"190166 (2005 UP156)",2.116,0.4694,4.21,193.35,91.24,1.123,3.11,3.08,7720,0,2806,2,0,17.27,Y,N,1.045,1
"190208 (2006 AQ)",2.053,0.4864,4.09,325.74,105.45,1.054,3.05,2.94,6609,0,1586,,,18.20,Y,N,,1
"208996 (2003 AZ84)",39.41,0.1776,13.55,251.90,16.05,32.414,46.41,247,10167,1,999,,,3.75,N,N,,1
"218144 (2002 RL66)",2.306,0.3416,22.73,23.94,74.80,1.518,3.09,3.5,7816,0,1391,,,15.16,N,N,,1
"225088 Gonggong (2007 OR10)",67.19,0.4985,30.68,336.85,207.09,33.696,100.69,551,13929,3,522,,,1.85,N,N,,1
"226514 (2003 UX34)",1.095,0.6160,2.56,4.32,218.55,0.421,1.77,1.15,8461,0,303,1,1,20.20,Y,Y,,1
"229762 G!kun||'homdima (2007 UK126)",74.19,0.4928,23.37,131.13,345.80,37.632,110.75,639,15137,1,695,,,3.47,N,N,,1
"250162 (2002 TY57)",1.922,0.3274,3.46,118.94,259.98,1.292,2.55,2.66,7147,0,717,,,19.64,Y,N,,1
"275809 (2001 QY297)",44.09,0.0800,1.55,108.75,129.82,40.565,47.62,293,8062,2,325,,,5.71,N,N,,1
"276049 (2002 CE26)",2.233,0.5611,47.29,161.89,228.04,0.980,3.49,3.34,7427,0,1754,7,0,16.67,Y,N,3.5,1
"285263 (1998 QE2)",2.421,0.5726,12.88,250.07,345.68,1.035,3.81,3.77,9251,0,1913,4,0,17.28,Y,Y,,1
"300163 (2006 VW139)",3.048,0.2004,3.24,83.12,280.23,2.438,3.66,5.32,8204,0,359,,,16.21,N,N,,1
"303712 (2005 PR21)",44.51,0.1055,1.34,339.11,314.85,39.813,49.20,297,5852,2,260,,,6.34,N,N,,1
"310560 (2001 QL142)",1.049,0.4991,26.61,165.57,72.13,0.526,1.57,1.08,16496,0,367,0,1,17.80,Y,Y,0.654,1
"311066 (2004 DC)",1.634,0.3995,19.45,74.92,156.26,0.981,2.29,2.09,7214,0,330,7,1,18.29,Y,Y,,1
"326732 (2003 HB6)",2.711,0.5706,6.62,161.61,145.86,1.164,4.26,4.46,6834,0,5852,1,0,17.64,Y,N,,1
"341520 Mors-Somnus (2007 TY430)",39.61,0.2717,11.26,196.61,205.52,28.848,50.37,249,5929,2,310,,,6.80,N,N,,1
"348400 (2005 JF21)",2.225,0.5355,10.85,132.20,206.14,1.034,3.42,3.32,7359,0,1234,1,0,17.35,Y,Y,,1
"350751 (2002 AW)",1.072,0.2567,0.57,161.80,119.38,0.797,1.35,1.11,8035,0,698,,,20.82,Y,Y,,1
"357439 (2004 BL86)",1.502,0.4025,23.78,126.66,311.51,0.898,2.11,1.84,6359,0,1068,9,4,19.29,Y,Y,,1
"363027 (1998 ST27)",0.8194,0.5299,21.06,197.53,322.49,0.385,1.25,0.742,8422,0,593,6,1,19.64,Y,Y,0.578,1
"363067 (2000 CO101)",1.076,0.0901,15.32,353.04,64.93,0.979,1.17,1.12,7383,0,1146,6,0,19.21,Y,Y,,1
"363599 (2004 FG11)",1.587,0.7236,3.13,83.59,228.67,0.439,2.74,2,7293,0,415,4,4,21.04,Y,Y,0.152,1
"364171 (2006 JZ81)",44.46,0.0754,3.56,36.45,182.02,41.109,47.82,296,5902,2,90,,,6.89,N,N,,1
"374851 (2006 VV2)",2.386,0.6054,23.73,9.81,145.07,0.942,3.83,3.69,6980,0,1548,1,0,16.72,Y,Y,,1
"385186 (1994 AW1)",1.105,0.0755,24.10,290.34,37.16,1.022,1.19,1.16,13568,0,2886,4,0,17.64,Y,Y,0.811,1
"385446 Manwe (2003 QW111)",44.08,0.1158,2.66,68.61,16.27,38.978,49.19,293,6593,4,60,,,6.57,N,N,,1
"399307 (1991 RJ2)",2.21,0.4272,8.95,171.77,150.99,1.266,3.15,3.29,10424,0,217,,,18.90,Y,N,,1
"399774 (2005 NB7)",2.043,0.5179,12.71,199.16,348.17,0.985,3.10,2.92,7916,0,928,1,1,18.80,Y,Y,,1
"410777 (2009 FD)",1.164,0.4929,3.13,9.27,281.56,0.590,1.74,1.26,5499,0,513,5,3,22.17,Y,N,0.472,1
"450894 (2008 BT18)",2.22,0.5942,8.14,107.53,139.37,0.901,3.54,3.31,24049,0,435,2,1,18.17,Y,Y,,1
"452561 (2005 AB)",3.22,0.6545,8.15,126.22,63.72,1.113,5.33,5.78,6298,0,1796,0,1,17.58,Y,N,,1
"461852 (2006 GY2)",1.858,0.4959,30.56,54.29,216.72,0.936,2.78,2.53,3721,0,308,6,3,18.90,Y,Y,,1
"469420 (2001 XP254)",42.12,0.2163,2.61,304.91,180.42,33.007,51.23,273,7387,2,145,,,7.78,N,N,,1
"469505 (2003 FE128)",47.68,0.2478,3.39,169.36,53.85,35.862,59.49,329,7329,2,110,,,6.33,N,N,,1
"469514 (2003 QA91)",44.73,0.0720,2.41,104.70,325.44,41.506,47.95,299,7330,2,247,,,5.86,N,N,,1
"469610 (2004 HF79)",43.12,0.0255,1.49,76.63,203.57,42.023,44.23,283,4430,3,52,,,6.44,N,N,,1
"469705 |=Kagara (2005 EF298)",43.77,0.0847,2.87,118.03,76.45,40.060,47.48,290,6888,2,229,,,6.17,N,N,,1
"471165 (2010 HE79)",38.8,0.1781,15.76,238.75,281.03,31.891,45.71,242,11354,2,410,,,5.28,N,N,,1
"481532 (2007 LE)",1.839,0.5160,29.54,73.65,120.22,0.890,2.79,2.49,7499,0,486,5,1,19.62,Y,Y,,1
"488453 (1994 XD)",2.344,0.7339,4.33,96.02,249.55,0.624,4.06,3.59,10641,0,658,11,5,19.24,Y,Y,,1
"489486 (2007 GS3)",1.061,0.1291,15.09,215.39,61.06,0.924,1.20,1.09,5021,0,623,,,19.40,Y,Y,,1
"494658 (2000 UG11)",1.929,0.5716,8.91,223.92,240.86,0.826,3.03,2.68,6049,0,433,3,1,20.71,Y,Y,,1
"505447 (2013 SQ99)",44.49,0.0856,3.46,52.09,177.65,40.685,48.30,297,4398,4,97,,,6.49,N,N,,1
"505476 (2013 UL15)",46.21,0.1010,2.02,82.00,239.73,41.537,50.87,314,2607,3,71,,,6.76,N,N,,1
"506121 (2016 BP81)",44.06,0.0775,4.17,29.01,279.60,40.645,47.47,292,6178,3,391,,,6.06,N,N,,1
"508788 (2000 CQ114)",45.85,0.1163,2.70,38.28,29.64,40.519,51.18,310,7317,4,55,,,6.66,N,N,,1
"508869 (2002 VT130)",42.64,0.0324,1.16,334.48,354.05,41.256,44.02,278,7354,3,82,,,5.85,N,N,,1
"511551 (2014 UD225)",43.71,0.1269,3.66,343.30,298.39,38.162,49.26,289,7334,3,70,,,6.87,N,N,,1
"523624 (2008 CT190)",52.39,0.3385,38.86,103.63,47.16,34.656,70.12,379,7793,2,140,,,5.70,N,N,,1
"523625 (2008 DG17)",1.837,0.4503,41.10,324.36,215.10,1.010,2.66,2.49,5470,0,295,1,0,19.63,Y,N,,1
"523756 (2014 WD509)",44.1,0.0540,1.33,201.34,252.21,41.722,46.48,293,4805,2,172,,,6.00,N,N,,1
"523775 (2014 YB35)",1.876,0.4840,12.65,3.73,188.63,0.968,2.78,2.57,3157,0,745,1,2,19.11,Y,Y,0.279,1
"523983 (1999 RY214)",45.58,0.1865,13.68,327.24,70.81,37.079,54.08,308,7715,3,36,,,7.36,N,N,,1
"524217 (2001 RZ143)",44.44,0.0714,2.12,8.22,32.44,41.263,47.61,296,7028,2,123,,,6.69,N,N,,1
"524366 (2001 XR254)",42.94,0.0308,1.24,179.68,80.69,41.614,44.26,281,8087,2,136,,,5.75,N,N,,1
"524531 (2002 XH91)",43.92,0.0870,4.98,80.39,187.74,40.102,47.74,291,7028,3,75,,,5.66,N,N,,1
"525462 (2005 EO304)",45.36,0.0636,3.42,93.86,152.28,42.476,48.25,306,7972,3,120,,,6.19,N,N,,1
"525816 (2005 SF278)",44.11,0.1944,13.33,101.63,320.48,35.536,52.69,293,6687,2,318,,,6.72,N,N,,1
"532037 (2013 FY27)",58.59,0.3976,33.28,186.93,139.80,35.291,81.89,448,4395,4,129,,,3.12,N,N,,1
"539940 (2017 HW1)",2.137,0.4594,33.96,41.32,168.84,1.155,3.12,3.12,3862,0,1470,,,18.01,Y,N,,1
"554099 (2012 KU50)",40.77,0.2434,18.89,66.76,126.42,30.849,50.70,260,7770,2,255,,,6.31,N,N,,1
"612088 (1999 CM158)",39.18,0.2765,9.30,339.06,163.49,28.346,50.02,245,6240,2,51,,,7.82,N,N,,1
"612095 (1999 OJ4)",38.29,0.0304,4.00,127.45,282.20,37.127,39.46,237,8441,4,66,,,7.05,N,N,,1
"612098 (1999 RM45)",1.684,0.6443,10.89,162.83,88.67,0.599,2.77,2.18,8799,0,1760,2,0,19.82,Y,Y,,1
"612141 (1999 XY143)",43.11,0.0822,7.15,255.36,82.53,39.565,46.65,283,8469,3,47,,,6.19,N,N,,1
"612147 (2000 CF105)",43.71,0.0358,0.53,56.78,50.05,42.147,45.28,289,7714,3,39,,,7.11,N,N,,1
"612176 (2000 QL251)",48.24,0.2210,3.66,223.36,100.89,37.581,58.90,335,7001,4,55,,,6.63,N,N,,1
"612203 (2000 WT169)",45.06,0.0132,1.74,110.51,248.95,44.466,45.65,302,6995,3,69,,,6.14,N,N,,1
"612239 (2001 QC298)",46.69,0.1298,30.52,334.69,5.66,40.627,52.75,319,8448,2,84,,,6.67,N,N,,1
"612242 (2001 QQ322)",44.38,0.0577,3.95,76.57,344.48,41.816,46.94,296,7323,3,104,,,6.58,N,N,,1
"612549 (2003 HG57)",43.39,0.0294,2.10,36.33,235.46,42.110,44.66,286,6979,4,30,,,6.35,N,N,,1
"612687 (2003 UN284)",42.85,0.0091,3.06,35.88,9.42,42.458,43.24,280,6231,4,39,,,7.45,N,N,,1
"612719 (2003 WU188)",44.19,0.0428,3.77,84.00,314.50,42.303,46.08,294,7031,3,60,,,6.36,N,N,,1
"612733 (2003 YU179)",46.68,0.1605,4.86,126.46,325.03,39.185,54.17,319,6643,3,39,,,6.93,N,N,,1
"613286 (2005 YQ96)",0.7435,0.3335,22.22,282.67,340.11,0.496,0.99,0.641,6559,0,99,5,4,20.63,Y,Y,,1
"       (1994 CJ1)",1.491,0.3256,2.31,172.03,65.27,1.005,1.98,1.82,8278,0,180,1,1,21.54,Y,Y,,1
"       (1998 WV24)",39.17,0.0405,1.52,183.52,166.16,37.588,40.76,245,8032,4,26,,,7.40,N,N,,1
"       (1998 WW31)",44.89,0.0833,6.78,237.02,55.22,41.145,48.62,301,7647,4,38,,,6.70,N,N,,1
"       (1999 RT214)",42.86,0.0534,2.57,138.02,211.41,40.572,45.15,281,8007,4,47,,,7.79,N,N,,1
"       (2001 FL185)",43.85,0.0718,3.56,75.46,64.98,40.703,47.00,290,7676,4,43,,,7.09,N,N,,1
"       (2001 QW322)",44.23,0.0186,4.81,124.68,81.88,43.408,45.06,294,8076,4,54,,,7.70,N,N,,1
"       (2002 BM26)",1.832,0.4448,16.22,319.61,180.53,1.017,2.65,2.48,1829,0,243,2,2,20.10,Y,Y,0.84,1
"       (2002 KK8)",1.953,0.4662,24.54,76.96,174.14,1.043,2.86,2.73,3996,0,110,1,1,21.00,Y,Y,,1
"       (2002 VF130)",46.05,0.1212,19.49,257.47,113.79,40.470,51.63,313,6582,5,24,,,6.80,N,N,,1
"       (2002 VD131)",45.49,0.0678,0.85,84.55,248.46,42.409,48.58,307,6557,4,19,,,6.60,N,N,,1
"       (2003 QY90)",43.04,0.0470,3.77,104.19,34.90,41.012,45.06,282,7707,4,47,,,6.47,N,N,,1
"       (2003 SS84)",1.931,0.5716,5.49,198.17,234.89,0.827,3.04,2.68,6028,0,267,3,1,21.95,Y,Y,,1
"       (2003 TJ58)",44.59,0.0912,0.95,37.09,12.41,40.526,48.66,298,6277,4,55,,,7.51,N,N,,1
"       (2003 YS179)",43.52,0.0215,3.72,86.50,130.35,42.585,44.46,287,6643,4,28,,,6.92,N,N,,1
"       (2004 HD79)",45.78,0.0361,1.30,159.34,232.92,44.122,47.43,310,3336,4,24,,,5.70,N,N,,1
"       (2004 HK79)",43.68,0.0753,1.95,68.98,184.50,40.389,46.96,289,4017,4,22,,,6.90,N,N,,1
"       (2004 KB19)",39.43,0.2204,17.19,44.07,286.96,30.739,48.12,248,3978,4,19,,,7.40,N,N,,1
"       (2004 KE19)",44.2,0.0465,1.18,292.40,255.55,42.145,46.25,294,5874,4,25,,,6.40,N,N,,1
"       (2004 MU8)",45.02,0.0808,3.58,109.76,334.24,41.386,48.66,302,6990,4,39,,,5.96,N,N,,1
"       (2004 PB108)",45.49,0.1148,20.17,147.37,270.83,40.267,50.71,307,6238,4,47,,,6.50,N,N,,1
"       (2004 PV117)",46.39,0.1558,4.32,329.23,316.69,39.160,53.62,316,6961,4,31,,,6.59,N,N,,1
"       (2004 PW117)",43.85,0.0549,1.86,81.46,70.90,41.442,46.26,290,6172,4,24,,,6.35,N,N,,1
"       (2004 PX117)",44.49,0.0939,3.75,120.08,74.36,40.313,48.67,297,6961,4,20,,,6.51,N,N,,1
"       (2005 BW49)",43.94,0.0746,2.10,58.81,121.19,40.667,47.22,291,6884,4,26,,,6.54,N,N,,1
"       (2005 CE81)",42.55,0.0439,3.08,103.81,38.93,40.684,44.42,278,5849,4,23,,,7.40,N,N,,1
"       (2005 GD187)",42.83,0.0241,0.70,354.41,347.62,41.799,43.86,280,5425,4,23,,,7.30,N,N,,1
"       (2005 LW3)",1.439,0.4638,6.02,59.58,288.67,0.772,2.11,1.73,6426,0,142,4,3,21.67,Y,Y,,1
"       (2005 VZ122)",41.48,0.1838,12.08,221.80,180.59,33.857,49.11,267,5873,4,29,,,7.28,N,N,,1
"       (2006 BR284)",43.69,0.0388,1.16,15.12,97.79,41.997,45.39,289,6943,3,44,,,6.73,N,N,,1
"       (2006 CH69)",45.6,0.0366,1.79,40.84,58.74,43.931,47.27,308,6610,4,30,,,6.58,N,N,,1
"       (2006 JV58)",44.81,0.0573,0.32,144.99,93.88,42.247,47.38,300,5518,4,44,,,6.63,N,N,,1
"       (2006 SF369)",63.32,0.3831,27.63,95.26,289.98,39.061,87.58,504,8803,4,58,,,6.83,N,N,,1
"       (2007 DS101)",43.81,0.0833,1.39,26.37,218.19,40.163,47.46,290,6610,4,35,,,6.67,N,N,,1
"       (2007 DT103)",2.207,0.5748,5.45,137.01,134.13,0.938,3.47,3.28,3869,0,786,1,2,19.70,Y,Y,,1
"       (2013 PY6)",2.282,0.4645,3.42,196.89,194.14,1.222,3.34,3.45,14004,0,840,,,19.32,Y,N,,1
"       (2013 WT44)",2.264,0.5656,12.21,182.68,325.84,0.984,3.54,3.41,3633,0,563,9,3,19.30,Y,Y,0.653,1
"       (2014 LQ28)",44.03,0.1041,1.29,223.60,157.78,39.444,48.61,292,4944,2,292,,,5.85,N,N,,1
"       (2014 WZ120)",2.211,0.6399,20.91,244.78,245.24,0.796,3.63,3.29,189,3,346,2,1,20.50,Y,Y,0.297,1
"       (2015 QL14)",43.8,0.1205,12.18,26.60,352.89,38.524,49.08,290,830,5,16,,,7.00,N,N,,1
"       (2015 RT245)",44.78,0.0882,0.96,330.34,348.29,40.834,48.73,300,2567,3,97,,,6.77,N,N,,1
"       (2015 RB280)",44.18,0.0765,2.16,201.66,118.40,40.802,47.56,294,2495,3,38,,,7.65,N,N,,1
"       (2015 RP280)",45.8,0.0925,3.47,232.66,49.35,41.561,50.04,310,1917,4,37,,,7.30,N,N,,1
"       (2015 TD144)",1.985,0.7590,1.65,25.44,104.40,0.478,3.49,2.8,12,3,125,2,1,22.60,Y,N,,1
"       (2015 VW168)",42.98,0.0404,1.95,96.77,211.79,41.246,44.72,282,1125,4,45,,,8.10,N,N,,1
"       (2015 VM173)",44.24,0.0503,2.43,183.50,102.55,42.011,46.46,294,1804,4,41,,,6.10,N,N,,1
"       (2016 AZ8)",1.321,0.3552,5.59,89.99,318.55,0.852,1.79,1.52,3504,0,377,4,1,21.08,Y,Y,0.215,1
"       (2017 RV1)",2.428,0.6262,2.05,292.14,123.11,0.908,3.95,3.78,260,3,509,1,1,20.08,Y,Y,,1
"       (2017 YE5)",2.821,0.7091,6.22,103.94,110.75,0.820,4.82,4.74,1825,0,355,5,3,19.30,Y,Y,,1
"       (2018 EB)",1.017,0.0122,29.44,194.55,126.88,1.004,1.03,1.03,1263,0,308,8,8,21.88,Y,Y,,1
"       (2018 TF3)",2.132,0.7171,6.87,51.56,76.62,0.603,3.66,3.11,2205,0,411,1,1,20.51,Y,Y,,1
"       (2020 AZ2)",1.88,0.3753,1.83,284.04,228.85,1.175,2.59,2.58,117,4,235,,,21.21,Y,N,,1
"       (2020 BX12)",1.6,0.5272,40.05,132.85,70.50,0.757,2.44,2.02,3664,0,173,1,1,20.63,Y,Y,,1
"       (2021 DM15)",45.66,0.0372,2.39,130.46,21.70,43.961,47.35,309,1130,5,16,,,7.34,N,N,,1
"       (2021 DN15)",44.05,0.0559,2.84,133.09,289.20,41.591,46.52,292,2919,4,18,,,6.72,N,N,,1
"       (2021 DS15)",43.48,0.0508,2.55,276.69,122.98,41.271,45.69,287,6709,4,41,,,6.01,N,N,,1
